Country Name,Country Code,Population_2012,Population_2017,Population_2018,Pop_Growth_2012,Pop_Growth_GDP_2017,Pop_Growth_GDP_2018,GDP_Capita_2012,GDP_Capita_2017,GDP_Capita_2018,GDP_Capita_Growth_2012,GDP_Capita_Growth_2017,GDP_Capita_Growth_2018,GDP_2012,GDP_2017,GDP_2018,GDP_Growth_2012,GDP_Growth_2017,GDP_Growth_2018,Corruption Perception Index,Region,Population,Area (sq. mi.),Pop. Density (per sq. mi.),Coastline (coast/area ratio),Net migration,Infant mortality (per 1000 births),GDP ($ per capita),Literacy (%),Phones (per 1000),Arable (%),Crops (%),Other (%),Climate,Birthrate,Deathrate,Agriculture,Industry,Service
Afghanistan,AFG,31161376,36296400,37172386,3.407586974,2.548346644,2.3847611,641.8720338,556.3021385,520.8966027,8.974879568,0.082078929,-1.350178336,20001615789,20191764940,19362969582,12.75228708,2.665292046,1.030660058,15,ASIA (EX. NEAR EAST),31056997,647500,480,0,2306,16307,700,360,32,1213,22,8765,1,466,2034,38,24,38
Angola,AGO,25107931,29816748,30809762,3.597774308,3.322080998,3.276133875,5100.095808,4095.812942,3432.385736,4.70645928,-3.409903315,-5.287779594,1.28053E+11,1.22124E+11,1.05751E+11,8.542147337,-0.147207426,-2.133493257,19,SUB-SAHARAN AFRICA,12127071,1246700,97,13,0,19119,1900,420,78,241,24,9735,,4511,242,96,658,246
Albania,ALB,2900401,2873457,2866376,-0.16515104,-0.091972294,-0.246732042,4247.614342,4532.889198,5253.630064,1.585156475,3.932164508,4.26134228,12319784886,13025062196,15058879129,1.417525992,3.836619656,4.004413234,38,EASTERN EUROPE,3581655,28748,1246,126,-493,2152,4500,865,712,2109,442,7449,3,1511,522,232,188,579
United Arab Emirates,ARE,9141596,9487203,9630959,2.154163159,1.339385202,1.50389676,40976.49971,40325.382,43004.94865,2.257926243,-0.550570888,-0.090057226,3.74591E+11,3.82575E+11,4.14179E+11,4.484626085,0.790400388,1.423840361,71,NEAR EAST,2602713,82880,314,159,103,1451,23200,779,4753,6,225,9715,1,1896,44,4,585,375
Argentina,ARG,41733271,44044811,44494502,1.136905694,1.037133897,1.015808349,13082.66433,14591.86338,11652.56629,-2.14528445,1.609282344,-3.499841931,5.45982E+11,6.42696E+11,5.18475E+11,-1.026420454,2.668590379,-2.514589602,39,LATIN AMER. & CARIB,39921833,2766890,144,18,61,1518,11200,971,2204,1231,48,8721,3,1673,755,95,358,547
Armenia,ARM,2884229,2944809,2951776,0.267013214,0.294612228,0.236306379,3681.857456,3914.501268,4212.070943,6.914143645,7.183757929,4.95169918,10619320049,11527458566,12433089919,7.200000004,7.500000001,5.2,35,C.W. OF IND. STATES,2976372,29800,999,0,-647,2328,3500,986,1957,1755,23,8015,4,1207,823,239,343,418
Australia,AUS,22733465,24601860,24992369,1.745820001,1.684523108,1.574848844,68012.1479,54093.60219,57305.29902,2.102719499,0.633037105,1.22813876,1.54615E+12,1.3308E+12,1.4322E+12,3.900900023,2.342582287,2.834948133,77,OCEANIA,20264082,7686850,26,34,398,469,29000,1000,5655,655,4,9341,1,1214,751,38,262,7
Austria,AUT,8429991,8797566,8847037,0.455937472,0.694621104,0.560750838,48567.69529,47380.82964,51512.90548,0.22244938,1.841009014,2.154641004,4.09425E+11,4.16836E+11,4.55737E+11,0.680444374,2.55088076,2.729083099,75,WESTERN EUROPE,8192880,83870,977,0,2,466,30000,980,4522,1691,86,8223,3,874,976,18,304,678
Azerbaijan,AZE,9295784,9854033,9942334,1.328763827,0.981261805,0.892098895,7496.294648,4147.089716,4721.178087,0.853886052,-1.255720601,0.512193853,69683935845,40865558912,46939529412,2.202939023,-0.282011197,1.412873527,31,C.W. OF IND. STATES,7961619,86600,919,0,-49,8174,3400,970,1371,1963,271,7766,1,2074,975,141,457,402
Burundi,BDI,9245988,10827024,11175378,3.159741833,3.181367524,3.166773442,252.3589799,293.009062,275.4296033,1.198056673,-2.646941222,-1.567053463,2333308099,3172416146,3078029929,4.446708222,0.500009999,1.599976614,22,SUB-SAHARAN AFRICA,8090068,27830,2907,0,-6,6929,600,516,34,3505,1402,5093,2,4222,1346,463,203,334
Belgium,BEL,11106932,11375158,11422068,0.620163579,0.385228018,0.41154188,44826.43961,43507.2382,46556.09957,-0.38491734,1.343234186,1.021233337,4.97884E+11,4.94902E+11,5.31767E+11,0.234778701,1.734389656,1.437834676,75,WESTERN EUROPE,10379067,30528,3400,22,123,468,29100,980,4626,2328,4,7632,3,1038,1027,1,24,749
Benin,BEN,9729248,11175204,11485048,2.797648941,2.750055592,2.734862013,837.9429209,827.4298101,901.9540522,1.924720372,2.966881509,3.975183596,8152554487,9246696924,10358985583,4.816478241,5.837823305,6.858002271,39,SUB-SAHARAN AFRICA,7862944,112620,698,11,0,85,1100,409,97,1808,24,7952,2,3885,1222,316,138,546
Burkina Faso,BFA,16571246,19193284,19751535,2.997392478,2.890850806,2.867078367,673.8215984,642.0404265,731.171717,3.309239817,3.273054539,3.499444399,11166063467,12322864245,14441763759,6.452698755,6.302096059,6.50980304,42,SUB-SAHARAN AFRICA,13902972,274200,507,0,0,9757,1100,266,70,1443,19,8538,2,4562,156,322,196,482
Bangladesh,BGD,151007807,159670593,161356039,1.15494813,1.070244022,1.050044649,883.1050005,1563.994082,1698.262802,5.298244958,6.142103948,6.737017522,1.33356E+11,2.49724E+11,2.74025E+11,6.521435078,7.284184092,7.863708893,28,ASIA (EX. NEAR EAST),147365352,144000,10234,40,-71,626,1900,431,73,6211,307,3482,2,298,827,199,198,603
Bulgaria,BGR,7305888,7075947,7024216,-0.579220596,-0.730443175,-0.733767859,7378.02473,8228.01157,9272.629304,0.612051095,4.572306501,3.840315458,53903022339,58220973783,65132951116,0.030969869,3.811248158,3.081157234,43,EASTERN EUROPE,7385367,110910,666,32,-458,2055,7600,986,3363,4002,192,5806,3,965,1427,93,304,603
Bahrain,BHR,1299943,1494074,1569439,1.690591501,4.677986951,4.921161372,23654.35139,23715.48275,24050.75751,1.993303563,-0.940563981,-3.10970607,30749308511,35432686170,37746196809,3.732251521,3.803522262,1.777693753,36,NEAR EAST,698585,665,10505,2421,105,1727,16900,891,2813,282,563,9155,1,178,414,5,387,608
Belarus,BLR,9464495,9498264,9485386,-0.091637482,-0.034421419,-0.135674667,6940.159254,5761.74712,6289.938553,1.780361776,2.567482608,3.189813054,65685102555,54726595249,59662495092,1.687135536,2.5321835,3.04990555,44,C.W. OF IND. STATES,10293011,207600,496,0,254,1337,6100,996,3191,2955,6,6985,4,1116,1402,93,316,591
Bolivia,BOL,10377676,11192854,11353142,1.600004605,1.44923493,1.421899486,2609.880819,3351.124053,3548.59014,3.453697676,2.696065296,2.752155942,27084497540,37508642258,40287647757,5.122274661,4.195209367,4.223624932,33,LATIN AMER. & CARIB,8989046,1098580,82,0,-132,5311,2400,872,719,267,19,9714,15,233,753,128,352,52
Brazil,BRA,199287296,207833831,209469333,0.893531058,0.807147162,0.783847579,12370.0242,9880.946543,8920.762105,1.014535214,0.251410419,0.328069801,2.46519E+12,2.05359E+12,1.86863E+12,1.921175986,1.063861259,1.11757918,37,LATIN AMER. & CARIB,188078227,8511965,221,9,-3,2961,7600,864,2253,696,9,9215,2,1656,617,84,4,516
Barbados,BRB,283700,286233,286641,0.251638162,0.152789486,0.142439723,16412.9362,16327.60723,,0.029125218,0.845800449,,4656350000,4673500000,,0.281153637,1,,68,LATIN AMER. & CARIB,279912,431,6495,2251,-31,125,15700,974,4819,3721,233,6046,2,1271,867,6,16,78
Brunei Darussalam,BRN,398989,424473,428962,1.337513016,1.10699921,1.051993743,47741.90647,28572.10942,31627.74208,-0.427894474,0.21322875,-0.994680766,19048495519,12128089000,13567099498,0.912841671,1.328751422,0.052346673,62,ASIA (EX. NEAR EAST),379444,5770,658,279,359,1261,18600,939,2372,57,76,9867,2,1879,345,36,561,403
Bhutan,BTN,701583,745568,754394,1.187928924,1.195337374,1.176843395,2599.396094,3390.714075,3360.266867,3.830917042,3.385875811,1.093903175,1823692110,2528007911,2534965163,5.071709815,4.629101391,2.290648193,67,ASIA (EX. NEAR EAST),2279723,47000,485,0,0,10044,1300,422,143,309,43,9648,2,3365,127,258,379,363
Botswana,BWA,2039551,2205128,2254126,1.191100637,2.070326167,2.197675758,7877.79035,7893.675933,8258.641666,3.219369515,0.798916246,2.18304965,16067155187,17406565823,18616018903,4.456167213,2.90753491,4.453559601,61,SUB-SAHARAN AFRICA,1639833,600370,27,0,0,5458,9000,798,805,65,1,9934,1,2308,295,24,469,507
Canada,CAN,34714222,36540268,37058856,1.085817263,1.185925675,1.409246617,52542.34666,45069.92725,46210.54762,0.66330309,1.764529721,0.452912515,1.82397E+12,1.64687E+12,1.71251E+12,1.762278246,2.978565963,1.878563662,82,NORTHERN AMERICA,33098932,9984670,33,202,596,475,29800,970,5522,496,2,9502,,1078,78,22,294,684
Switzerland,CHE,7996861,8451840,8516543,1.061819329,0.933155889,0.762633818,83538.23008,80333.44494,82838.92944,-0.060803476,0.672860567,1.761393104,6.68044E+11,6.78965E+11,7.05501E+11,1.006024097,1.616692155,2.540426713,85,WESTERN EUROPE,7523934,41290,1822,0,405,439,32700,990,6809,1042,61,8897,3,971,849,15,34,645
Chile,CHL,17400347,18470439,18729160,0.963057457,1.425185044,1.391010541,15351.55133,15037.35011,15923.35906,4.309217504,-0.153995449,2.587676494,2.67122E+11,2.77746E+11,2.98231E+11,5.318628,1.279183341,4.024652965,67,LATIN AMER. & CARIB,16134219,756950,213,85,0,88,9900,962,2130,265,42,9693,3,1523,581,6,493,447
China,CHN,1350695000,1386395000,1392730000,0.487231118,0.559121331,0.455899679,6316.918863,8759.041578,9770.847088,7.33538001,6.161772004,6.115117072,8.53223E+12,1.21435E+13,1.36082E+13,7.859627493,6.757007611,6.6,41,ASIA (EX. NEAR EAST),1313973713,9596960,1369,15,-4,2418,5000,909,2667,154,125,8335,15,1325,697,125,473,403
Cote d'Ivoire,CIV,21547188,24437469,25069229,2.435928938,2.54780739,2.552358861,1243.344509,1557.182948,1715.531238,8.042352489,4.992709086,4.725692099,26790577891,38053610009,43007045466,10.7065041,7.702089422,7.433071625,36,SUB-SAHARAN AFRICA,17654843,322460,548,16,-7,9083,1400,509,146,975,1384,7641,2,3511,1484,279,171,55
Cameroon,CMR,21485266,24566045,25216237,2.731263968,2.637694363,2.612290751,1354.623087,1421.587492,1526.875713,1.7265535,0.853486026,1.181905266,29104437355,34922782311,38502059858,4.543265016,3.549087318,3.859896996,25,SUB-SAHARAN AFRICA,17340702,475440,365,8,0,6826,1800,790,57,1281,258,8461,15,3389,1347,448,17,382
Colombia,COL,46076848,48901066,49648685,0.902010125,1.503387796,1.517270891,8042.529769,6375.932063,6651.291293,2.970052362,-0.160980396,1.112276195,3.70574E+11,3.1179E+11,3.30228E+11,3.903054219,1.351326676,2.658121,37,LATIN AMER. & CARIB,43593035,1138910,383,28,-31,2097,6300,925,1762,242,167,9591,2,2048,558,125,342,533
Comoros,COM,723871,813892,832322,2.419233782,2.274118744,2.239170611,1403.428519,1312.366174,1445.450809,0.733574939,0.398322754,0.523712698,1015901205,1068124330,1203080508,3.200272903,2.707658829,2.8,27,SUB-SAHARAN AFRICA,690948,2170,3184,1567,0,7493,700,565,245,3587,2332,4081,2,3693,82,4,4,56
Cabo Verde,CPV,505235,537497,543767,1.270619062,1.188624222,1.159766769,3467.472684,3295.341106,3654.007345,-0.194322593,2.784249088,4.303841247,1751888562,1771235958,1986928612,1.081918279,4.013257244,5.520564475,55,SUB-SAHARAN AFRICA,420979,4033,1044,2393,-1207,4777,1400,766,1696,968,5,8982,3,2487,655,121,219,66
Costa Rica,CRI,4688000,4949954,4999441,1.178288353,1.02767609,0.994782258,9913.210708,11752.5436,12026.54753,3.569356339,2.340034914,1.647829063,46473131799,58174550212,60126014829,4.796919918,3.397181701,2.664049844,59,LATIN AMER. & CARIB,4075261,51100,798,252,51,995,9100,960,3407,441,588,8971,2,1832,436,88,299,614
Cuba,CUB,11257101,11339259,11338138,0.18165923,0.03660521,-0.009886496,6497.321113,8541.210673,,2.827934086,1.746246382,,73141000000,96851000000,,3.014900289,1.783497627,,47,LATIN AMER. & CARIB,11382820,110860,1027,337,-158,633,2900,970,747,3305,76,5935,2,1189,722,55,261,684
Cyprus,CYP,1135046,1179680,1189265,0.903859855,0.807965016,0.809225398,28984.94455,25760.7627,28159.3017,-4.34671215,3.501636506,2.745155679,25041397919,22141864999,24469841832,-2.878099556,4.468879044,3.875984867,57,NEAR EAST,784301,9250,848,701,43,718,19200,976,,779,444,8777,3,1256,768,37,198,765
Czech Republic,CZE,10510785,10594438,10625695,0.139925656,0.265642664,0.294597801,19729.87051,20379.89604,23078.57349,-0.938553682,4.075766344,2.65491944,2.07376E+11,2.15914E+11,2.45226E+11,-0.799844281,4.352603518,2.957784473,57,EASTERN EUROPE,10235455,78866,1298,0,97,393,15700,999,3143,398,305,5715,3,902,1059,34,393,573
Germany,DEU,80425823,82657002,82927922,0.187727801,0.37372456,0.32722815,44065.24891,44681.08258,48195.5799,0.303518386,1.776035789,1.093953753,3.54398E+12,3.6932E+12,3.99676E+12,0.491992829,2.15710947,1.425303467,81,WESTERN EUROPE,82422299,357021,2309,67,218,416,27600,990,6679,3385,59,6556,3,825,1062,9,296,695
Djibouti,DJI,868136,944097,958920,1.679899653,1.599962382,1.557873607,1559.240651,1953.903502,2050.204732,,2.438110723,4.317508206,1353632942,1844674435,1965982322,,4.090263628,5.9553679,31,SUB-SAHARAN AFRICA,486530,23000,212,137,0,10413,1300,679,228,4,0,9996,1,3953,1931,179,225,596
Dominica,DMA,70965,71458,71625,0.069071972,0.21153652,0.233431052,6848.418067,6951.303542,7031.709754,-1.127099991,-9.721583475,0.298339687,485997988.1,496726248.5,503646211.1,-1.058782938,-9.530409524,0.532740632,57,LATIN AMER. & CARIB,68910,754,914,1963,-1387,1415,5400,940,3048,667,20,7333,2,1527,673,177,328,495
Denmark,DNK,5591572,5764980,5797446,0.376272243,0.643350904,0.561579124,58507.50805,57218.85485,60726.46654,-0.149916083,1.606574923,0.9213117,3.27149E+11,3.29866E+11,3.52058E+11,0.226499797,2.262369008,1.489659084,88,WESTERN EUROPE,5450661,43094,1265,1697,248,456,31100,1000,6146,5402,19,4579,3,1113,1036,18,246,735
Dominican Republic,DOM,9930911,10513131,10627165,1.192277887,1.103628391,1.078841148,6107.977431,7222.554044,7650.072753,1.499963278,3.404295446,5.803116129,60657780261,75931656815,81298585403,2.717367897,4.551815138,6.950743086,29,LATIN AMER. & CARIB,9183984,48730,1885,264,-322,3238,6000,847,974,2265,1033,6702,2,2322,573,112,306,582
Algeria,DZA,37383887,41389198,42228429,1.951415209,2.044952503,2.00737383,5592.22191,4048.285258,4278.85006,1.377052951,-0.456572113,0.070905214,2.09059E+11,1.67555E+11,1.80689E+11,3.374768651,1.600000001,2.1,33,NORTHERN AFRICA,32930091,2381740,138,4,-39,31,6000,700,781,322,25,9653,1,1714,461,101,6,298
Ecuador,ECU,15474102,16785361,17084357,1.498947998,1.768538648,1.765611201,5682.045007,6213.501276,6344.871979,4.070252971,0.573877117,-0.397089903,87924544000,1.04296E+11,1.08398E+11,5.641962067,2.368386526,1.37712703,32,LATIN AMER. & CARIB,13547510,283560,478,79,-858,2366,3300,925,1256,585,493,8922,2,2229,423,7,312,618
"Egypt, Arab Rep.",EGY,86422240,96442593,98423595,2.214742178,2.09083472,2.033262176,3232.648892,2440.510173,2549.139458,-0.012959635,2.025577857,3.194431298,2.79373E+11,2.35369E+11,2.50895E+11,2.226199799,4.181221,5.314121037,32,NORTHERN AFRICA,78887007,1001450,788,24,-22,3259,4000,577,1318,287,48,9665,1,2294,523,149,357,493
Eritrea,ERI,,,,,,,,,,,,,,,,,,,20,SUB-SAHARAN AFRICA,4786994,121320,395,184,0,7487,700,586,79,495,3,9502,15,3433,96,102,254,643
Spain,ESP,46773055,46593236,46723749,0.064925963,0.235648507,0.279719893,28563.85904,28208.26105,30523.85924,-2.990755144,2.736799193,2.295205926,1.33602E+12,1.31431E+12,1.42619E+12,-2.927750507,2.979182401,2.581746534,57,WESTERN EUROPE,40397842,504782,800,98,99,442,22000,979,4535,2607,987,6406,3,1006,972,4,295,665
Estonia,EST,1322696,1317384,1320884,-0.357944411,0.121070631,0.26532574,17421.89022,20200.37559,22927.74442,4.681290004,4.729813023,3.590536274,23043864510,26611651599,30284890757,4.307258988,4.856686856,3.865753581,71,BALTICS,1324333,45226,293,839,-316,787,12300,998,3338,1604,45,8351,3,1004,1325,4,294,666
Ethiopia,ETH,92726971,106400024,109224559,2.829617214,2.663467978,2.620013482,467.0779272,768.0104163,772.3122278,5.616582788,6.625757161,4.048070239,43310721414,81716326731,84355462494,8.647811633,9.503858571,6.810169391,35,SUB-SAHARAN AFRICA,74777981,1127127,663,0,0,9532,700,427,82,1071,75,8854,2,3798,1486,475,99,426
Finland,FIN,5413971,5508214,5518050,0.475809487,0.234670532,0.178410432,47415.55987,45809.97338,49648.14926,-1.89409884,2.801796013,1.476327743,2.56706E+11,2.52331E+11,2.73961E+11,-1.42618936,3.043324822,1.657533695,85,WESTERN EUROPE,5231372,338145,155,37,95,357,27400,1000,4053,719,3,9278,3,1045,986,28,295,676
France,FRA,65659809,66865144,66987244,0.48400512,0.008040387,0.182439829,40874.70351,38679.12715,41463.64402,-0.171212884,2.251980937,1.539463119,2.68383E+12,2.58629E+12,2.77754E+12,0.313134744,2.260202722,1.724880628,70,WESTERN EUROPE,60876136,547030,1113,63,66,426,27600,990,5864,3353,207,644,4,1199,914,22,214,764
Gabon,GAB,1749682,2064823,2119275,3.788513401,2.796855564,2.602954061,9814.038992,7212.535744,8029.822384,1.338213437,-2.291575738,-1.379640324,17171447372,14892609693,17017401832,5.251076918,0.479762271,1.221103578,32,SUB-SAHARAN AFRICA,1424906,267667,53,33,0,5364,5500,632,274,126,66,9808,2,3616,1225,61,592,348
United Kingdom,GBR,63700300,66058859,66488991,0.695315843,0.703806068,0.649023745,42018.72546,39932.06029,42491.36444,0.744129587,1.108807787,0.741644025,2.67661E+12,2.63787E+12,2.82521E+12,1.447060443,1.822927774,1.397607592,82,WESTERN EUROPE,60609153,244820,2476,508,219,516,27700,990,5435,2346,21,7633,3,1071,1013,5,237,758
Georgia,GEO,3728874,3728004,3731000,-0.736565519,0.013386075,0.080332445,4249.670165,4045.41705,4344.630952,7.13703316,4.818654248,4.633285133,15846484588,15081330942,16209818081,6.35079784,4.832686291,4.71737338,56,C.W. OF IND. STATES,4661473,69700,669,44,-47,1859,2500,990,1466,1144,386,847,3,1041,923,172,275,553
Ghana,GHA,25996449,29121471,29767108,2.369475311,2.22053243,2.192828837,1613.286837,2025.885857,2202.312165,6.733563592,5.768551437,3.958667186,41939728979,58996776244,65556464056,9.292789405,8.143446497,6.263480772,40,SUB-SAHARAN AFRICA,22409572,239460,936,23,-64,5143,2200,748,144,1626,967,7407,2,3052,972,366,246,387
Guinea,GIN,10652029,12067539,12414318,2.19781536,2.765010865,2.833136353,717.0507379,821.6514609,885.2512282,3.614448206,10.2686231,5.624124114,7638045254,9915311049,10989790256,5.916911732,13.36010547,8.659393206,27,SUB-SAHARAN AFRICA,9690222,245857,394,13,-306,9037,2100,359,27,363,258,9379,2,4176,1548,237,362,401
Guinea-Bissau,GNB,1604979,1828146,1874309,2.651065872,2.532080949,2.493771961,616.4116862,736.7255662,777.9699218,-4.284108831,3.270887242,1.243474153,989327811.8,1346841897,1458156026,-1.712683012,5.919176626,3.799999998,17,SUB-SAHARAN AFRICA,1442029,36120,399,97,-157,10717,800,424,74,1067,882,8051,2,3722,1653,62,12,26
Equatorial Guinea,GNQ,1031191,1262001,1308974,4.394863172,3.780716547,3.654506773,21712.39502,9738.434224,10173.96302,3.655755838,-8.221978141,-6.43241382,22389626329,12289913729,13317453070,8.312871844,-4.685683868,-2.949730189,17,SUB-SAHARAN AFRICA,540109,28051,193,106,0,8513,2700,857,185,463,357,918,2,3559,1506,3,906,62
Greece,GRC,11045011,10754679,10727668,-0.540752951,-0.197783225,-0.251471725,22242.68193,18883.46007,20324.25356,-6.797860844,1.706058032,2.191029518,2.45671E+11,2.03086E+11,2.18032E+11,-7.300493935,1.505099308,1.934370821,48,WESTERN EUROPE,10688058,131940,810,1037,235,553,20000,975,5897,211,878,7012,3,968,1024,54,213,733
Grenada,GRD,107446,110874,111454,0.606792314,0.554413883,0.52175283,7444.504768,10163.62985,10833.65833,-1.753110682,4.478364927,4.281470533,799882259.3,1126882296,1207454556,-1.155143735,5.05921616,4.826983935,52,LATIN AMER. & CARIB,89703,344,2608,3517,-1392,1462,5000,980,3645,588,2941,6471,2,2208,688,54,18,766
Guatemala,GTM,15270778,16914936,17247807,2.130983777,1.981532621,1.948798636,3299.665605,4470.610798,4549.010081,0.798801032,0.744150536,1.154371768,50388460925,75620095538,78460447920,2.969857401,2.760338484,3.145000458,28,LATIN AMER. & CARIB,12293545,108890,1129,37,-167,3593,4100,706,921,1254,503,8243,2,2988,52,227,188,585
Guyana,GUY,755399,775221,779004,0.447252918,0.49851809,0.486803065,3788.146749,4586.054572,4634.681335,4.806506172,1.572555588,2.940315744,2861562266,3555205811,3610435299,5.276306143,2.080177394,3.442654063,38,LATIN AMER. & CARIB,767245,214970,36,21,-207,3326,4000,988,1435,244,15,9741,2,1828,828,37,203,427
"Hong Kong SAR, China",HKG,7150100,7391700,7451000,1.103957997,0.748222905,0.799050247,36730.8767,46220.50455,48717.29121,0.583723535,3.064362962,2.201488886,2.62629E+11,3.41648E+11,3.62993E+11,1.700277398,3.838406307,3.02140153,77,ASIA (EX. NEAR EAST),6940432,1092,63557,6712,524,297,28800,935,5467,505,101,9394,2,729,629,1,92,906
Honduras,HND,8640691,9429013,9587522,1.869298244,1.692228879,1.667103614,2129.521698,2432.935364,2482.730206,2.200291905,3.029693168,2.030375238,18400538970,22940179174,23803230473,4.128687749,4.788026945,3.745584746,29,LATIN AMER. & CARIB,7326496,112090,654,73,-199,2932,2600,762,675,955,322,8723,2,2824,528,139,312,549
Croatia,HRV,4267558,4124531,4089400,-0.305655945,-1.200610165,-0.855405633,13250.75712,13383.6835,14869.09068,-2.001562119,4.164495376,3.51149294,56548374545,55201417479,60805659436,-2.300642858,2.921363374,2.629826089,49,EASTERN EUROPE,4494749,56542,795,1032,158,684,10600,985,4204,2609,227,7165,,961,1148,7,308,622
Haiti,HTI,10250930,10982366,11123176,1.480132666,1.305066708,1.273996399,769.7073834,765.6139847,868.2847996,1.37347407,-0.13852073,0.199182913,7890216508,8408252995,9658084644,2.885095378,1.173279505,1.483883035,22,LATIN AMER. & CARIB,8308504,27750,2994,638,-34,7345,1600,529,169,283,1161,6009,2,3644,1217,28,2,52
Hungary,HUN,9920362,9787966,9768785,-0.516437607,-0.265860932,-0.19615739,12888.30459,14278.8745,15938.8368,-1.122076866,4.414292063,5.146469097,1.27857E+11,1.39761E+11,1.55703E+11,-1.631403337,4.137063937,4.940418685,45,EASTERN EUROPE,9981334,93030,1073,0,86,857,13900,994,3362,5009,206,4785,3,972,1311,37,312,651
Indonesia,IDN,248452413,264645886,267663435,1.351892192,1.175102592,1.133769861,3694.348946,3836.913814,3893.596078,4.606284255,3.83998242,3.985604226,9.1787E+11,1.01542E+12,1.04217E+12,6.030050653,5.067406366,5.171270328,37,ASIA (EX. NEAR EAST),245452739,1919440,1279,285,0,356,3200,879,520,1132,723,8145,2,2034,625,134,458,408
India,IND,1265782790,1338658835,1352617328,1.231622928,1.062597394,1.03732336,1443.879529,1981.499045,2015.590485,4.165528082,6.035154528,5.87831683,1.82764E+12,2.65255E+12,2.72632E+12,5.456387552,7.167888861,6.982333556,40,ASIA (EX. NEAR EAST),1095351995,3287590,3332,21,-7,5629,2900,595,454,544,274,4286,25,2201,818,186,276,538
Ireland,IRL,4599533,4807388,4853506,0.423743803,1.088675561,0.954742911,48917.89756,69649.88274,78806.432,-0.198086891,6.974330301,7.142041169,2.24999E+11,3.34834E+11,3.82487E+11,0.225714814,8.145296135,8.169870971,74,WESTERN EUROPE,4062235,70280,578,206,499,539,29600,980,5005,152,3,8477,3,1445,782,5,46,49
"Iran, Islamic Rep.",IRN,75539862,80673951,81800269,1.205151389,1.385380473,1.386479705,7927.647542,5627.749268,,-8.553295826,2.327694199,,5.98853E+11,4.54013E+11,,-7.44455703,3.755187367,,30,ASIA (EX. NEAR EAST),68688433,1648000,417,15,-84,4158,7000,794,2764,872,139,8989,1,17,555,116,424,46
Iraq,IRQ,31890011,37552781,38433600,3.720640652,2.540874669,2.318464028,6836.027313,5143.661232,5878.038566,9.775158059,-4.13822292,-1.673833337,2.18001E+11,1.93159E+11,2.25914E+11,13.93643017,-1.671287156,0.632455398,18,NEAR EAST,26783383,437072,613,1,0,5025,1500,404,386,1315,78,8607,1,3198,537,73,666,261
Iceland,ISL,320716,343400,353574,0.532100735,2.345582676,2.919685018,45910.0209,71314.7742,73201.70255,0.758868483,2.17876477,1.601307982,14724078264,24489493459,25882218777,1.296436095,4.603781379,4.611476029,77,WESTERN EUROPE,299388,103000,29,483,238,331,30900,999,6477,7,0,9993,3,1364,672,86,15,765
Israel,ISR,7910500,8713300,8883800,1.846151321,1.938725674,1.937879943,32543.45515,40543.58417,41613.99808,0.248269466,1.458420393,1.326103835,2.57435E+11,3.53268E+11,3.6969E+11,2.116193517,3.44461203,3.30883147,62,NEAR EAST,6352117,20770,3058,131,68,703,19800,954,4623,1639,417,7944,3,1797,618,26,317,657
Italy,ITA,59539717,60536709,60431283,0.26954124,-0.149861117,-0.174304004,34814.12512,32155.20587,34318.35112,-3.080603909,1.836681901,1.034213504,2.07282E+12,1.94657E+12,2.0739E+12,-2.819013779,1.68418261,0.858260216,50,WESTERN EUROPE,58133509,301230,1930,252,207,594,26700,986,4309,2779,953,6268,,872,104,21,291,688
Jamaica,JAM,2842132,2920853,2934855,0.571731466,0.50162356,0.47823514,5206.906722,5060.544924,5355.582639,-1.181513082,0.473292316,1.370319338,14798716216,14781107822,15717858487,-0.614918541,0.978556223,1.856268892,44,LATIN AMER. & CARIB,2758124,10991,2509,930,-492,1236,3900,879,1240,1607,1016,7377,2,2082,652,49,337,615
Jordan,JOR,8090872,9779173,9956011,5.431586568,2.356016488,1.792156922,3827.294451,4168.641604,4247.768726,-2.775699916,-0.262010615,0.129635568,30966149506,40765867419,42290832158,2.651170555,2.115732889,1.940292205,48,NEAR EAST,5906760,92300,640,3,659,1735,4300,913,1045,267,183,955,1,2125,265,33,287,68
Japan,JPN,127629000,126785797,126529100,-0.159710676,-0.164484036,-0.202670345,48603.47665,38331.9794,39286.73765,1.657317593,2.096551745,0.992439865,6.20321E+12,4.85995E+12,4.97092E+12,1.495089586,1.928757251,0.787965413,73,ASIA (EX. NEAR EAST),127463611,377835,3374,787,0,326,28200,990,4612,1219,96,8685,3,937,916,17,258,725
Kazakhstan,KAZ,16792089,18037776,18276499,1.408676972,1.360381269,1.314780146,12386.7,9030.318806,9331.04695,3.334055983,2.693432134,2.740272171,2.07999E+11,1.62887E+11,1.70539E+11,4.8,4.1,4.1,31,C.W. OF IND. STATES,15233244,2717300,56,0,-335,2921,6300,984,1641,798,5,9197,4,16,942,67,386,547
Kenya,KEN,44343410,50221473,51393010,2.66270486,2.356812573,2.305948675,1136.871406,1568.201541,1710.510097,1.8157403,2.420020576,3.896152982,50412754861,78757391333,87908262520,4.563209131,4.862538221,6.319781365,28,SUB-SAHARAN AFRICA,34707817,582650,596,9,-1,6147,1000,851,81,808,98,9094,15,3972,1402,163,188,651
Kyrgyz Republic,KGZ,5607200,6198200,6315800,1.665236559,1.933647156,1.879550296,1177.974735,1242.769643,1281.363661,-1.848145242,2.694919493,1.572833212,6605139933,7702934800,8092836609,-0.2,4.7,3.5,29,C.W. OF IND. STATES,5213898,198500,263,0,-245,3564,1600,970,840,73,35,9235,25,228,708,353,208,439
Cambodia,KHM,14780454,16009414,16249798,1.630429697,1.530261745,1.490355371,950.880346,1385.25998,1512.12671,5.577863206,5.389886233,5.929889607,14054443213,22177200512,24571753583,7.313345505,7.01503011,7.520444426,21,ASIA (EX. NEAR EAST),13881427,181040,767,24,0,7148,1900,694,26,2096,61,7843,2,269,906,35,3,35
Kuwait,KWT,3348853,4056097,4137309,5.549848598,2.476711432,1.982439531,51978.99848,29474.54143,34243.95291,0.869997884,-5.842672892,-0.747204188,1.7407E+11,1.19552E+11,1.41678E+11,6.626388081,-3.48154919,1.240055498,39,NEAR EAST,2418393,17820,1357,280,1418,995,19000,835,2110,73,11,9916,1,2194,241,4,479,516
Lao PDR,LAO,6444530,6953035,7061507,1.516011911,1.553620994,1.548022991,1581.395403,2423.846203,2567.543217,6.400761197,5.204194036,4.864905688,10191350120,16853087485,18130724396,8.026098434,6.851431259,6.500868407,29,ASIA (EX. NEAR EAST),6368481,236800,269,0,0,8522,1700,664,141,38,35,9585,2,3549,1155,455,287,258
Lebanon,LBN,5538634,6811873,6848925,6.263879893,1.490111794,0.54245866,7985.854941,7838.343385,8269.787676,-3.516740507,-0.93523415,-0.342081302,44230727695,53393799668,56639155556,2.720151566,0.551994777,0.199990636,28,NEAR EAST,3874050,10400,3725,216,0,2452,4800,874,2556,1662,1398,694,,1852,621,12,21,67
Liberia,LBR,4135659,4702228,4818977,2.90010564,2.485644197,2.452522593,657.9362563,698.7017644,674.2094847,4.906859801,-0.04698527,-1.229759965,2721000000,3285455000,3249000000,7.993815693,2.468626095,1.222551313,31,SUB-SAHARAN AFRICA,3042004,111370,273,52,0,12887,1000,575,23,395,228,9377,2,4477,231,769,54,177
Libya,LBY,6285750,6580724,6678567,0.611354689,1.354885849,1.47586739,13025.28139,5792.06511,7235.028115,121.7795426,24.97113139,6.258379751,81873662519,38115981879,48319620013,123.1395552,26.67587012,7.838242187,17,NORTHERN AFRICA,5900754,1759540,34,10,0,246,6400,826,1271,103,19,9878,,2649,348,76,499,425
St. Lucia,LCA,176646,180955,181889,0.625800617,0.515820624,0.514822934,8139.892046,10003.25987,10315.02608,-0.935617167,3.138477428,0.081064737,1437879370,1810139889,1876189778,-0.313727784,3.671861435,0.597633577,55,LATIN AMER. & CARIB,168458,616,2735,2565,-267,1353,5400,670,3033,656,2295,7049,2,1968,508,7,2,73
Sri Lanka,LKA,20425000,21444000,21670000,0.12899381,1.130220486,1.048392958,3350.521876,4104.630983,4102.48135,9.00387327,2.257527806,2.132746096,68434409315,88019706804,88900770858,9.144572246,3.419819189,3.209131128,38,ASIA (EX. NEAR EAST),20222240,65610,3082,204,-131,1435,3700,923,615,1386,157,7044,2,1551,652,178,276,545
Lesotho,LSO,2014990,2091412,2108132,0.557534246,0.787780034,0.796281137,1329.274971,1232.786919,1324.282768,5.40874062,-3.053044036,0.668522532,2678475773,2578265356,2791762880,5.998071782,-2.286299107,1.473326988,42,SUB-SAHARAN AFRICA,2022331,30355,666,0,-74,8423,3000,848,237,1087,13,89,3,2475,2871,163,443,394
Lithuania,LTU,2987773,2828403,2789533,-1.341201988,-1.398322201,-1.383804311,14341.18163,16809.64826,19089.70751,5.228863385,5.606389382,4.935793879,42848195256,47544459559,53251369047,3.82695401,4.139948473,3.493688808,59,BALTICS,3585906,65200,550,14,-71,689,11400,996,2234,4522,91,5387,,875,1098,55,325,62
Luxembourg,LUX,530946,596336,607728,2.4015419,2.430976418,1.892314684,106749.0136,104498.7387,114340.4987,-2.717088654,-0.893127173,0.679363416,56677961787,62316359824,69487922619,-0.35251936,1.54566061,2.602673946,82,WESTERN EUROPE,474413,2586,1835,0,897,481,55100,1000,5154,2328,4,7632,,1194,841,1,13,86
Latvia,LVA,2034319,1942248,1926542,-1.240359153,-0.886215573,-0.811937907,13822.80559,15684.55852,18088.92725,5.333067417,5.567905524,5.623844528,28119996053,30463302414,34849078086,4.034628375,4.636479621,4.769716682,58,BALTICS,2274735,64589,352,82,-223,955,10200,998,3214,2967,47,6986,3,924,1366,4,261,699
Morocco,MAR,33241898,35581294,36029138,1.393605966,1.287002655,1.250794964,2912.658275,3036.171062,3237.883368,1.580512366,2.736894992,1.648630514,98266306615,1.09709E+11,1.18495E+11,3.009961262,4.087506817,2.950062019,40,NORTHERN AFRICA,33241259,446550,744,41,-98,4162,4000,517,404,1961,217,7822,,2198,558,217,357,426
Moldova,MDA,3559519,3549196,3545883,-0.01311889,-0.077677563,-0.093388678,2446.725316,2724.493093,3189.355812,-0.576691756,4.772146278,4.097169591,8709165249,9669759987,11309082555,-0.589734135,4.690793428,4,31,C.W. OF IND. STATES,4466706,33843,1320,0,-26,4042,1800,991,2081,553,1079,3391,,157,1264,213,233,555
Madagascar,MDG,22346641,25570540,26262368,2.733967919,2.679883239,2.66961324,443.9047493,448.4007965,460.7527808,0.24892493,1.548700256,2.416764912,9919780071,11465850504,12100459087,3.027508092,4.30687978,5.187718738,24,SUB-SAHARAN AFRICA,18595469,587040,317,82,0,7683,800,689,36,507,103,9391,2,4141,1111,276,165,559
Maldives,MDV,397237,496402,515696,4.306004329,4.299186108,3.813136225,7265.613656,9801.624542,10223.63649,-1.80332647,2.412763386,2.085411062,2886170572,4865546026,5272288443,2.517383942,6.911694465,6.053235368,33,ASIA (EX. NEAR EAST),359008,300,11967,21467,0,5652,3900,972,900,1333,1667,70,2,3481,706,2,18,62
Mexico,MEX,117274155,124777324,126190788,1.355289252,1.163967779,1.126421149,10241.72792,9281.101483,9698.084187,2.247145121,0.888544148,0.851768911,1.20109E+12,1.15807E+12,1.22381E+12,3.642322679,2.069715185,1.994206817,29,LATIN AMER. & CARIB,107449525,1972550,545,47,-487,2091,9000,922,1816,1299,131,857,15,2069,474,38,259,702
North Macedonia,MKD,2074278,2081996,2082958,0.086380594,0.06010463,0.046194989,4698.141294,5417.642019,6083.718948,-0.541872334,0.180289922,2.617176945,9745251126,11279509014,12672131053,-0.455922696,0.240521014,2.664591889,35,EASTERN EUROPE,2050554,25333,809,0,-145,1009,6700,,2600,2226,181,7593,3,1202,877,118,319,563
Mali,MLI,15979499,18512394,19077690,2.952565219,2.999115367,3.007913579,778.6694625,828.6132202,901.4031007,-3.721253908,2.285864187,1.791676657,12442747897,15339614407,17196688920,-0.836178866,5.400000103,4.899995745,31,SUB-SAHARAN AFRICA,11716829,1240000,95,0,-33,11679,900,464,64,382,3,9615,2,4982,1689,45,17,38
Malta,MLT,420028,467999,483530,0.899209212,2.738662856,3.264720138,21931.74762,27241.09064,30074.74119,1.763774627,3.822859444,3.130254323,9211948091,12748803180,14542039605,2.682970416,6.705510407,6.552731679,56,WESTERN EUROPE,400214,316,12665,6228,207,389,17700,928,5050,2813,313,6874,,1022,81,3,23,74
Mongolia,MNG,2824699,3113779,3170208,1.942381267,1.861276285,1.79600998,4351.88692,3671.948419,4103.697493,10.15919245,3.359840934,5.045173052,12292770631,11433635876,13009574621,12.31981985,5.30166847,6.948838685,36,ASIA (EX. NEAR EAST),2832224,1564116,18,0,0,5379,1800,978,551,77,0,9923,1,2159,695,206,214,58
Mozambique,MOZ,24862648,28649007,29495962,2.753116358,2.900629142,2.913458975,613.984066,441.6178369,490.1675823,4.287150996,0.771155213,0.29969069,15265269711,12651912500,14457964381,7.198185828,3.736958241,3.264865871,25,SUB-SAHARAN AFRICA,19686505,801590,246,31,0,13079,1200,478,35,51,3,946,2,3518,2135,262,348,39
Mauritania,MRT,3706554,4282574,4403319,2.954438464,2.818999783,2.780434406,1411.35283,1161.785457,1218.59641,2.715149023,0.165634885,0.759147004,5231255478,4975432191,5365868725,5.795078172,3.02948016,3.600000006,28,SUB-SAHARAN AFRICA,3177388,1030700,31,7,0,7089,1800,417,129,48,1,9951,1,4099,1216,25,29,46
Mauritius,MUS,1255882,1264613,1265303,0.277321026,0.090186811,0.054547267,9291.227619,10484.90836,11238.69039,3.209499474,3.720567642,3.717228563,11668685524,13259351418,14220348673,3.49611836,3.814152108,3.773818909,50,SUB-SAHARAN AFRICA,1240827,2040,6083,868,-9,1503,11400,856,2893,4926,296,4778,2,1543,686,59,298,643
Malawi,MWI,15396005,17670260,18143315,2.858692113,2.666616388,2.641917288,391.5618324,356.7175732,389.3980332,-0.985564538,1.26339856,0.801419696,6028487929,6303292264,7064971176,1.885799507,4.000030517,3.5,31,SUB-SAHARAN AFRICA,13013926,118480,1098,0,0,10332,600,627,79,2338,149,7513,2,4313,1933,342,158,499
Malaysia,MYS,29068159,31105028,31528585,1.445660673,1.360192981,1.352511651,10817.44287,10117.56903,11238.95737,3.959634656,4.466357475,3.316769765,3.14443E+11,3.14707E+11,3.54348E+11,5.473454192,5.897009293,4.723633667,47,ASIA (EX. NEAR EAST),24385858,329750,740,142,0,177,9000,887,1790,548,1761,7691,2,2286,505,84,48,436
Namibia,NAM,2194784,2402603,2448255,1.750389687,1.872154337,1.882279294,5930.548473,5646.456007,5931.453885,3.238694404,-2.70651864,-1.937959389,13016272899,13566192143,14521711630,5.061682013,-0.867877108,-0.074676825,51,SUB-SAHARAN AFRICA,2044147,825418,25,19,0,4898,7200,840,626,99,0,9901,1,2432,1886,97,315,588
Niger,NER,17795191,21602472,22442948,3.898694473,3.839154453,3.816869199,390.1199097,375.8694897,411.6889425,7.573047302,0.942737603,1.234038834,6942258305,8119710126,9239513530,11.84981918,4.893436692,5.172698263,33,SUB-SAHARAN AFRICA,12525094,1267000,99,0,-67,12169,800,176,19,354,1,9645,1,5073,2091,39,17,44
Nigeria,NGA,167228767,190873311,195874740,2.680913555,2.607676386,2.586545852,2746.991789,1968.559588,2028.18197,1.472867464,-1.788826785,-0.665579082,4.59376E+11,3.75745E+11,3.9727E+11,4.230061175,0.80588662,1.937268068,27,SUB-SAHARAN AFRICA,131859731,923768,1427,9,26,988,900,680,93,3129,296,6575,15,4043,1694,269,487,244
Nicaragua,NIC,5982526,6384855,6465513,1.337558375,1.274855157,1.255357967,1760.46057,2168.19124,2028.896891,5.081172629,3.349484869,-5.015619975,10532001130,13843586680,13117859222,6.496136543,4.675475377,-3.815710169,26,LATIN AMER. & CARIB,5570129,129494,430,70,-122,2911,2300,675,397,1594,194,8212,2,2451,445,165,275,56
Netherlands,NLD,16754962,17131296,17231017,0.370055035,0.591203366,0.580410754,50073.00566,48554.99228,53024.05921,-1.395919341,2.304284789,2.003691765,8.38971E+11,8.3181E+11,9.13658E+11,-1.030353997,2.91090257,2.597453623,82,WESTERN EUROPE,16491461,41526,3971,109,291,504,28600,990,4608,2671,97,7232,3,109,868,21,244,736
Norway,NOR,5018573,5276968,5314336,1.313440989,0.807673182,0.705638419,101668.1707,75704.2487,81807.19804,1.381260571,1.160086441,0.73270718,5.10229E+11,3.99489E+11,4.34751E+11,2.721626792,1.980437749,1.446029641,85,WESTERN EUROPE,4610820,323802,142,777,174,37,37800,1000,4617,287,0,9713,3,1146,94,21,415,564
Nepal,NPL,26989862,27627124,28087871,-0.190907924,1.333612899,1.653980239,698.4664794,900.5739036,1025.798356,4.98141892,6.476249851,4.546209269,18851513891,24880266905,28812491892,4.781192258,7.90574161,6.289762173,31,ASIA (EX. NEAR EAST),28287147,147181,1922,0,0,6698,1400,452,159,2168,64,7768,,3098,931,38,21,41
New Zealand,NZL,4408100,4793900,4885500,0.548220797,2.122962382,1.892735802,39970.44004,42260.12518,41966.00918,1.667074876,0.962158641,0.853999628,1.76194E+11,2.02591E+11,2.05025E+11,2.225965502,3.128460818,2.781079118,89,OCEANIA,4076140,268680,152,563,405,585,21600,990,4417,56,699,8741,3,1376,753,43,273,684
Oman,OMN,3498029,4665935,4829483,7.32038057,4.083954207,3.445117966,21923.54802,15170.35174,16418.92693,1.615034131,-4.892598502,-1.333278851,76689206762,70783875163,79294928479,9.332675576,-0.928051651,2.125137289,44,NEAR EAST,3102229,212460,146,98,28,1951,13100,758,855,0,14,9974,1,3624,381,27,39,583
Pakistan,PAK,187281475,207896686,212215030,2.126711756,2.074997082,2.05587987,1198.109001,1466.843096,1472.893134,1.328979726,3.529935155,3.284625257,2.24384E+11,3.04952E+11,3.1257E+11,3.50703342,5.700621241,5.430010786,32,ASIA (EX. NEAR EAST),165803560,803940,2062,13,-277,7244,2100,457,318,2787,87,7126,1,2974,823,216,251,533
Panama,PAN,3770624,4106771,4176873,1.715705644,1.7115912,1.69258055,10722.28363,15166.12443,15575.07255,7.911486596,3.533900797,1.936964073,40429700000,62283800000,65055100000,9.778903946,5.321230184,3.677013629,37,LATIN AMER. & CARIB,3191319,78200,408,318,-91,2047,6300,926,1379,736,198,9066,2,2174,536,68,156,776
Peru,PER,29506788,31444297,31989256,0.825138039,1.661934247,1.718246517,6528.972218,6700.81138,6947.256627,5.267528821,0.829368602,2.205190229,1.92649E+11,2.10702E+11,2.22238E+11,6.139724706,2.519088535,3.976501519,37,LATIN AMER. & CARIB,28302603,1285220,220,19,-105,3194,5100,909,795,289,4,9671,15,2048,623,8,27,65
Philippines,PHL,97212638,105173264,106651922,1.704126853,1.445492801,1.39613428,2572.629425,2981.934151,3102.713363,4.881194404,5.146628571,4.770738946,2.50092E+11,3.1362E+11,3.3091E+11,6.683818881,6.677553566,6.243737742,34,ASIA (EX. NEAR EAST),89468677,300000,2982,1210,-15,2351,4600,926,384,1895,1677,6428,2,2489,541,144,326,53
Papua New Guinea,PNG,7631002,8438029,8606316,2.102969323,1.990144672,1.974760178,2790.699587,2640.153572,2722.604679,2.470675416,-0.451189954,-1.536193585,21295834133,22277692409,23431596214,4.648420685,1.549820847,0.427556313,29,OCEANIA,5670544,462840,123,111,0,5145,2200,646,109,46,144,981,2,2936,725,353,381,266
Poland,POL,38063164,37974826,37978548,-0.000239076,0.012480099,0.00980075,13145.53926,13861.05156,15424.04603,1.608148506,4.801049453,5.139159148,5.00361E+11,5.26371E+11,5.85783E+11,1.607905585,4.814129544,5.149464079,60,EASTERN EUROPE,38536869,312685,1233,16,-49,851,11100,998,3063,4591,112,5297,3,985,989,5,311,64
Portugal,PRT,10514844,10300300,10281762,-0.405421788,-0.24388941,-0.180137491,20577.40264,21291.43099,23145.73496,-3.638376596,3.046036398,2.32877873,2.16368E+11,2.19308E+11,2.37979E+11,-4.028256748,2.795024248,2.144612162,63,WESTERN EUROPE,10605870,92391,1148,194,357,505,18000,933,3992,2175,781,7044,3,1072,105,53,274,673
Paraguay,PRY,6421512,6867062,6956071,1.372544496,1.307316991,1.287844517,5183.082877,5680.580768,5871.467064,-1.894340158,3.594847098,2.311690319,33283228891,39008900332,40842341774,-0.538512943,4.958051422,3.637826772,29,LATIN AMER. & CARIB,6506464,406750,160,0,-8,2563,4700,940,492,76,23,9217,2,291,449,224,207,569
Qatar,QAT,2196074,2724724,2781677,7.574748356,2.615829323,2.068684466,85076.14793,61264.39648,69026.4688,-2.949647859,-1.042852988,-0.645097948,1.86834E+11,1.66929E+11,1.92009E+11,4.687259177,1.579850253,1.431648077,63,NEAR EAST,885359,11437,774,492,1629,1861,21500,825,2320,164,27,9809,1,1556,472,2,801,197
Romania,ROU,20058035,19587491,19473936,-0.445177936,-0.584585617,-0.581419209,8535.046876,10792.95628,12301.1864,2.532603026,7.618681572,4.702669069,1.71196E+11,2.11407E+11,2.39553E+11,2.077165007,6.991393543,4.095673942,48,EASTERN EUROPE,22303552,237500,939,9,-13,2643,7000,984,1969,4082,225,5693,3,107,1177,101,35,549
Russian Federation,RUS,143201676,144496740,144478050,0.168301591,0.106871954,-0.012935384,15434.57478,10750.58712,11288.87244,3.525674995,1.515174583,2.261780504,2.21026E+12,1.57862E+12,1.65755E+12,3.700057055,1.630195944,2.254840053,29,C.W. OF IND. STATES,142893540,17075200,84,22,102,1539,8900,996,2806,733,11,9256,,995,1465,54,371,575
Rwanda,RWA,10549678,11980937,12301939,2.459912832,2.63966475,2.644008891,695.2740829,762.4991636,772.9678384,6.176092273,3.294886797,5.836046857,7334917697,9135454442,9509003197,8.820321117,6.057831319,8.671683394,55,SUB-SAHARAN AFRICA,8648248,26338,3284,0,0,9123,1300,704,27,4054,1216,473,3,4037,1609,401,229,37
Saudi Arabia,SAU,29155187,33099147,33699947,3.091355922,2.003600072,1.7988753,25243.3587,20803.74257,23219.13048,2.20265505,-2.710481875,0.392688315,7.35975E+11,6.88586E+11,7.82483E+11,5.411444902,-0.741529927,2.214968724,49,NEAR EAST,27019731,1960582,138,13,-271,1324,11800,788,1406,167,9,9824,1,2934,258,33,613,354
Sudan,SDN,36193783,40813396,41801533,2.359799549,2.395219858,2.392265265,1882.24677,3015.02443,977.2736357,11.8286972,1.814938773,-4.629843228,68125631150,1.23053E+11,40851536134,0.521559267,4.283071004,-2.320827321,16,SUB-SAHARAN AFRICA,41236378,2505810,165,3,-2,625,1900,611,163,683,18,9299,2,3453,897,387,203,41
Senegal,SEN,13401991,15419381,15854360,2.785660419,2.800658333,2.78193167,1330.057448,1367.218948,1521.953554,2.229589549,4.125502424,3.837062008,17825417949,21081669870,24129599552,5.117394238,7.082922291,6.766293824,45,SUB-SAHARAN AFRICA,11987121,196190,611,27,2,5551,1600,402,222,1278,21,8701,2,3278,942,172,209,619
Singapore,SGP,5312437,5612253,5638676,2.45339033,0.08859547,0.469704299,55546.48854,60297.79378,64581.94402,1.917945558,3.607948953,2.656150008,2.95087E+11,3.38406E+11,3.64157E+11,4.449315805,3.699781577,3.139464543,84,ASIA (EX. NEAR EAST),4492150,693,64822,2785,1153,229,23700,925,4114,164,0,9836,2,934,428,0,339,661
Solomon Islands,SLB,556064,636038,652858,2.650154869,2.6447309,2.610133776,1913.232022,2077.126038,2162.651804,1.820908522,0.832026448,0.72193521,1063879451,1321131091,1411904531,4.555394299,3.534339147,3.385522842,39,OCEANIA,552438,28450,194,1867,0,2129,1700,,134,64,2,9736,2,3001,392,42,11,47
Sierra Leone,SLE,6712581,7488431,7650154,2.249914334,2.154231955,2.136648208,566.3786569,499.3807078,522.8581284,12.6192137,1.990240068,1.535163598,3801862611,3739577973,3999945202,15.18176908,4.211182649,3.727955555,30,SUB-SAHARAN AFRICA,6005250,71740,837,56,0,14364,500,314,40,698,89,9213,2,4576,2303,49,31,21
El Salvador,SLV,6237923,6388122,6420744,0.439491727,0.501858163,0.509367036,3428.410386,3902.237622,4058.244652,2.363617759,1.795783983,2.016666951,21386160000,24927970000,26056950000,2.814487432,2.307938504,2.537631909,33,LATIN AMER. & CARIB,6822378,21040,3243,146,-374,251,4800,802,1424,3185,1207,5608,2,2661,578,99,302,599
Somalia,SOM,12715510,14589119,15008154,2.703899313,2.80476949,2.831767652,,309.066059,314.5623635,,,,,4509001513,4721000393,,,,9,SUB-SAHARAN AFRICA,8863338,637657,139,47,537,1167,500,378,113,167,4,9829,1,4513,1663,65,1,25
Serbia,SRB,7199077,7020858,6982084,-0.485299545,-0.532191341,-0.553799324,6015.945228,6284.192672,7233.995874,-0.198378662,2.593855846,4.881012702,43309252921,44120424392,50508366850,-0.681542133,2.049310525,4.301787715,41,EASTERN EUROPE,9396411,88361,1063,0,-133,1289,2200,930,2858,3335,32,6345,,,,166,255,579
Suriname,SUR,541245,570496,575991,1.127077102,0.987867648,0.958587769,9201.008785,5379.119415,5950.213947,1.539448592,0.687495235,1.024190548,4980000000,3068766110,3427269682,2.690350057,1.687083602,1.997252457,41,LATIN AMER. & CARIB,439117,163270,27,24,-881,2357,4000,930,1847,37,6,9957,2,1802,727,13,22,65
Slovak Republic,SVK,5407579,5439232,5447011,0.170183855,0.155178996,0.142914343,17274.6423,17579.2594,19546.9019,1.484291761,3.0283386,3.960369087,93413992956,95617670260,1.06472E+11,1.657148687,3.188341055,4.109049583,50,EASTERN EUROPE,5439448,48845,1114,0,3,741,13300,,2201,3016,262,6722,3,1065,945,35,294,672
Slovenia,SVN,2057159,2066388,2067372,0.210024306,0.065159039,0.04760799,22532.43564,23449.57452,26234.0229,-2.873785074,4.812220615,4.437488125,46352802766,48455919386,54235484383,-2.669582052,4.880537506,4.487220551,61,EASTERN EUROPE,2010347,20273,992,23,112,445,19000,997,4061,86,149,8991,,898,1031,28,369,603
Sweden,SWE,9519374,10057698,10183175,0.739763272,1.34744506,1.23985371,57197.19931,53253.47664,54111.97217,-1.033346003,0.738138803,1.097673526,5.44482E+11,5.35607E+11,5.51032E+11,-0.298512381,2.10471614,2.358939552,84,WESTERN EUROPE,9016596,449964,200,72,167,277,26800,990,7150,654,1,9345,3,1027,1031,11,282,707
Eswatini,SWZ,1079288,1124753,1136191,0.674565152,0.962067725,1.011798397,4469.457324,3941.900457,4139.961949,4.013907195,0.897666037,-0.3889351,4823831657,4433664364,4703787507,4.717920611,1.873054342,0.62404407,39,SUB-SAHARAN AFRICA,1136334,17363,655,0,0,6927,4900,816,308,1035,7,8895,25,2741,2974,119,515,366
Seychelles,SYC,88303,95843,96762,0.98098019,1.224033758,0.954291918,12006.68296,15683.6565,16433.93529,0.272336547,3.0631085,2.6431477,1060226126,1503168690,1590180446,1.260828834,4.332388099,3.627351583,60,SUB-SAHARAN AFRICA,81541,455,1792,10791,-569,1553,7800,580,2624,222,1333,8445,2,1603,629,32,304,665
Syrian Arab Republic,SYR,20442541,17068002,16906283,-3.084734319,-2.235952757,-0.952015452,,,,,,,,,,,,,14,NEAR EAST,18881361,185180,1020,10,0,2953,3300,769,1538,2522,443,7035,1,2776,481,249,23,519
Chad,TCD,12784750,15016773,15477751,3.370758938,3.077531708,3.023579699,967.408126,664.3033157,730.2446076,5.273573994,-5.928776623,-0.415664166,12368071039,9975692095,11302544205,8.882576072,-2.988695986,2.641330034,20,SUB-SAHARAN AFRICA,9944201,1284000,77,0,-11,9382,1200,475,13,286,2,9712,2,4573,1638,335,259,406
Togo,TGO,6773807,7698475,7889094,2.660849964,2.479318302,2.445904207,571.8394289,619.066371,671.8406876,3.745928899,1.891613072,2.349884065,3873529926,4765866980,5300214337,6.543507031,4.449407392,4.884130464,32,SUB-SAHARAN AFRICA,5548702,56785,977,10,0,6661,1500,609,106,4615,221,5164,2,3701,983,395,204,401
Thailand,THA,67835957,69209858,69428524,0.469250687,0.345238362,0.315448259,5860.58061,6578.188865,7273.563207,6.740727971,3.665573947,3.80126981,3.97558E+11,4.55276E+11,5.04993E+11,7.242786605,4.024085781,4.129226103,37,ASIA (EX. NEAR EAST),64631595,514000,1257,63,0,2048,7400,926,1089,2936,646,6418,2,1387,704,99,441,46
Tajikistan,TJK,7874835,8880268,9100837,2.277533217,2.470382009,2.453465059,969.2964731,806.0415731,826.6215305,5.065808826,4.991499098,4.699464341,7633049792,7157865188,7522947810,7.486175224,7.617492691,7.300000287,21,C.W. OF IND. STATES,7320815,143100,512,0,-286,11076,1000,994,335,661,92,9247,2,3265,825,234,286,48
Turkmenistan,TKM,5267900,5757669,5850908,1.796928924,1.66898196,1.606415757,6675.185658,6587.090316,6966.635411,9.121441808,4.737284874,4.507616162,35164210526,37926285714,40761142857,11.09999996,6.500000047,6.199999941,19,C.W. OF IND. STATES,5042920,488100,103,0,-86,7308,5800,980,746,372,14,9614,1,2761,86,209,38,411
Tunisia,TUN,10847002,11433443,11565204,0.973860812,1.139078899,1.145827766,4152.678587,3494.318864,3446.607238,2.989797034,0.671392797,1.337501842,45044112939,39952095561,39860715814,3.997674002,1.824675319,2.505332965,42,NORTHERN AFRICA,10175014,163610,622,70,-57,2477,6900,742,1236,1786,1374,684,3,1552,513,132,318,55
Turkey,TUR,74653016,81101892,82319724,1.632957935,1.591059209,1.490444868,11707.25971,10499.74557,9311.366117,3.092660285,5.745267658,1.049259888,8.73982E+11,8.51549E+11,7.66509E+11,4.789940281,7.441193291,2.566623037,40,NEAR EAST,70413958,780580,902,92,0,4104,6700,865,2695,3093,331,6576,3,1662,597,117,298,585
Tanzania,TZA,47052481,54663906,56318348,2.97488817,2.995388132,2.981674115,867.8676806,1004.841121,1050.675254,1.442555391,3.640010881,2.11505516,39650530214,53320625959,57437073927,4.50015356,6.785680114,5.2,36,SUB-SAHARAN AFRICA,37445392,945087,396,15,-206,9854,600,782,40,452,108,944,,3771,1639,432,172,396
Uganda,UGA,34559168,41162465,42723139,3.181665327,3.749875169,3.7213873,668.832462,631.5227198,643.1396702,0.585699589,0.040409572,2.214677203,23114293416,25995031850,27476945526,3.837455606,3.863023757,6.090144553,26,SUB-SAHARAN AFRICA,28195754,236040,1195,0,0,6783,1400,699,36,2588,1065,6347,2,4735,1224,311,222,469
Ukraine,UKR,45593300,44831135,44622516,-0.24709923,-0.386283095,-0.466430103,3855.42128,2640.675677,3095.173581,0.486676587,2.917123364,3.862732572,1.75781E+11,1.1219E+11,1.30832E+11,0.238681306,2.466053452,3.335489309,30,C.W. OF IND. STATES,46710816,603700,774,46,-39,2034,5400,997,2599,5621,161,4218,3,882,1439,187,452,361
Uruguay,URY,3378974,3436646,3449299,0.297573927,0.364798683,0.367502623,15171.58466,16437.24487,17277.97011,3.230534045,2.217768639,1.247312548,51264390116,56488991831,59596885024,3.538178707,2.591338687,1.620083629,70,LATIN AMER. & CARIB,3431932,176220,195,37,-32,1195,12800,980,2914,743,23,9234,3,1391,905,93,311,596
United States,USA,313874218,325147121,327167434,0.733617007,0.6404588,0.619431053,51603.49726,59927.92983,62641.01457,1.502170582,1.564444431,2.22182891,1.6197E+13,1.94854E+13,2.04941E+13,2.249545852,2.21701033,2.856987816,75,NORTHERN AMERICA,298444215,9631420,310,21,341,65,37800,970,8980,1913,22,8065,3,1414,826,1,204,787
Uzbekistan,UZB,29774500,32388600,32955400,1.472099988,1.683506325,1.734862316,1740.468298,1826.56704,1532.371639,6.598901709,2.717730088,3.324803918,51821573338,59159949231,50499920318,8.179751424,4.461627697,5.132986392,22,C.W. OF IND. STATES,27307134,447400,610,0,-172,711,1700,993,629,1083,83,8834,1,2636,784,342,229,43
St. Vincent and the Grenadines,VCT,108435,109827,110210,0.109803426,0.335635057,0.348123622,6390.314389,7149.630866,7377.678832,1.271160135,0.521992347,2.200493075,692933740.7,785222509.1,813093984.1,1.382420411,0.859946222,2.556897137,58,LATIN AMER. & CARIB,117848,389,3030,2159,-764,1478,2900,960,1909,1795,1795,641,2,1618,598,1,26,64
"Venezuela, RB",VEN,29362449,29390409,28870195,1.627755571,-1.538842831,-1.785864856,12985.50533,,,3.920542223,,,3.81286E+11,,,5.625956975,,,18,LATIN AMER. & CARIB,25730435,912050,282,31,-4,222,4800,934,1401,295,92,9613,2,1871,492,4,419,541
Vietnam,VNM,89802487,94596642,95540395,1.042047722,1.017796272,0.992716375,1735.141276,2365.621666,2563.820731,4.156333781,5.730628273,6.018088398,1.5582E+11,2.2378E+11,2.44948E+11,5.247367156,6.81224566,7.075788617,35,ASIA (EX. NEAR EAST),84402966,329560,2561,105,-45,2595,2500,903,1877,1997,595,7408,2,1686,622,209,41,381
Vanuatu,VUT,249499,285510,292680,2.782246791,2.546959469,2.480280726,3133.090209,2976.107116,3033.408146,-1.037297408,1.872699202,0.671832718,781702874.1,849708342.7,887817896.3,1.754749927,4.500680305,3.2,43,OCEANIA,208869,12200,171,2072,0,5516,2900,530,326,246,738,9016,2,2272,782,26,12,62
"Yemen, Rep.",YEM,24473178,27834821,28498687,2.757338894,2.424025108,2.357022518,1446.53628,963.494721,944.4084994,-0.391762566,-8.194889566,-4.968006747,35401339869,26818703093,26914402224,2.392990209,-5.942319504,-2.701474865,16,NEAR EAST,21456188,527970,406,36,0,615,800,502,372,278,24,9698,1,4289,83,135,472,393
South Africa,ZAF,52834005,57000451,57779622,1.583107137,1.40774075,1.357697288,7501.40728,6127.462297,6374.015446,0.607949069,-0.003138954,-0.572080197,3.96329E+11,3.49268E+11,3.68288E+11,2.213354808,1.414512626,0.78705557,43,SUB-SAHARAN AFRICA,44187637,1219912,362,23,-29,6181,10700,864,1070,1208,79,8713,1,182,22,25,303,671
Zambia,ZMB,14465121,16853688,17351822,3.102770166,2.951583275,2.912801004,1763.094184,1534.865371,1539.900158,4.310371762,0.395739931,0.815169499,25503370699,25868142077,26720073436,7.597616969,3.403168851,3.794900917,37,SUB-SAHARAN AFRICA,11502010,752614,153,0,0,8829,800,806,82,708,3,929,2,41,1993,22,29,489
Zimbabwe,ZWE,13115131,14236745,14439018,1.698000772,1.460060709,1.410782722,1304.969802,1602.403507,2146.996385,14.70117262,3.186399034,4.672029259,17114849900,22813010116,31000519447,16.66542877,4.704035348,6.159189798,22,SUB-SAHARAN AFRICA,12236805,390580,313,0,0,6769,1900,907,268,832,34,9134,2,2801,2184,179,243,579
